timestamp,phase,phase_time (mm:ss),entropy_total,entropy_ang,entropy_lin,est_error_ang,est_error_lin
timestamp,phase,phase_time (mm:ss),entropy_total,entropy_ang,entropy_lin,est_error_ang,est_error_lin
timestamp,phase,phase_time (mm:ss),entropy_total,entropy_ang,entropy_lin,est_error_ang,est_error_lin
timestamp,phase,phase_time (mm:ss),entropy_total,entropy_ang,entropy_lin,est_error_ang,est_error_lin
timestamp,phase,phase_time (mm:ss),entropy_total,entropy_ang,entropy_lin,est_error_ang,est_error_lin
timestamp,phase,phase_time (mm:ss),entropy_total,entropy_ang,entropy_lin,est_error_ang,est_error_lin
timestamp,phase,phase_time (mm:ss),entropy_total,entropy_ang,entropy_lin,est_error_ang,est_error_lin
timestamp,phase,phase_time (mm:ss),entropy_total,entropy_ang,entropy_lin,est_error_ang,est_error_lin
timestamp,phase,phase_time (mm:ss),entropy_total,entropy_ang,entropy_lin,est_error_ang,est_error_lin
timestamp,phase,phase_time (mm:ss),entropy_total,entropy_ang,entropy_lin,est_error_ang,est_error_lin
timestamp,phase,phase_time (mm:ss),entropy_total,entropy_ang,entropy_lin,est_error_ang,est_error_lin
timestamp,phase,phase_time (mm:ss),entropy_total,entropy_ang,entropy_lin,est_error_ang,est_error_lin
timestamp,phase,phase_time (mm:ss),entropy_total,entropy_ang,entropy_lin,est_error_ang,est_error_lin
timestamp,phase,phase_time (mm:ss),entropy_total,entropy_ang,entropy_lin,est_error_ang,est_error_lin
timestamp,phase,phase_time (mm:ss),entropy_total,entropy_ang,entropy_lin,est_error_ang,est_error_lin
timestamp,phase,phase_time (mm:ss),entropy_total,entropy_ang,entropy_lin,est_error_ang,est_error_lin
timestamp,phase,phase_time (mm:ss),entropy_total,entropy_ang,entropy_lin,est_error_ang,est_error_lin
timestamp,phase,phase_time (mm:ss),entropy_total,entropy_ang,entropy_lin,est_error_ang,est_error_lin
timestamp,phase,phase_time (mm:ss),entropy_total,entropy_ang,entropy_lin,est_error_ang,est_error_lin
timestamp,phase,phase_time (mm:ss),entropy_total,entropy_ang,entropy_lin,est_error_ang,est_error_lin
timestamp,phase,phase_time (mm:ss),entropy_total,entropy_ang,entropy_lin,est_error_ang,est_error_lin
timestamp,phase,phase_time (mm:ss),entropy_total,entropy_ang,entropy_lin,est_error_ang,est_error_lin
timestamp,phase,phase_time (mm:ss),entropy_total,entropy_ang,entropy_lin,est_error_ang,est_error_lin
timestamp,phase,phase_time (mm:ss),entropy_total,entropy_ang,entropy_lin,est_error_ang,est_error_lin
timestamp,phase,phase_time (mm:ss),entropy_total,entropy_ang,entropy_lin,est_error_ang,est_error_lin
timestamp,phase,phase_time (mm:ss),entropy_total,entropy_ang,entropy_lin,est_error_ang,est_error_lin
timestamp,phase,phase_time (mm:ss),entropy_total,entropy_ang,entropy_lin,est_error_ang,est_error_lin
